Class,AP50,AP,Precision,Recall
smoke,0.8382355466260917,0.5198912660443569,0.8189426865787638,0.7763551002987623
fire,0.6720853674445191,0.35932881211557377,0.6886828848409545,0.611072179397337
