Class,AP50,AP,Precision,Recall
smoke,0.8518924563671753,0.5355342055892719,0.8431820452946073,0.7878787878787878
fire,0.6969326938377267,0.3725237479000321,0.7149183703467238,0.623866446267105
