Class,AP50,AP,Precision,Recall
smoke,0.8477139360178838,0.5300229999512585,0.8352731883060496,0.7848911651728553
fire,0.6831157757399493,0.3681840779797373,0.6993240755593146,0.613875262789068
